{
	"info": {
		"_postman_id": "3bc911a1-d77d-4ff0-9643-94a0bdbd93ab",
		"name": "movieRama",
		"schema": "https://schema.getpostman.com/json/collection/v2.1.0/collection.json",
		"_exporter_id": "5919986"
	},
	"item": [
		{
			"name": "User",
			"item": [
				{
					"name": "/create/user",
					"request": {
						"method": "POST",
						"header": [],
						"body": {
							"mode": "raw",
							"raw": "{\"email\":\"d.gavriil@yahoo.gr\",\"password\":\"papapos2\"}",
							"options": {
								"raw": {
									"language": "json"
								}
							}
						},
						"url": {
							"raw": "{{baseUrl}}:{{port}}/v1/user/create",
							"host": [
								"{{baseUrl}}"
							],
							"port": "{{port}}",
							"path": [
								"v1",
								"user",
								"create"
							]
						}
					},
					"response": []
				},
				{
					"name": "/login",
					"event": [
						{
							"listen": "test",
							"script": {
								"exec": [
									"const responseJson = pm.response.json();\r",
									"pm.globals.set(\"X-workable-user-id\", responseJson.data.userId);"
								],
								"type": "text/javascript"
							}
						}
					],
					"request": {
						"method": "POST",
						"header": [],
						"body": {
							"mode": "raw",
							"raw": "{\"email\":\"d.gavriil@yahoo.gr\",\"password\":\"papapos2\"}",
							"options": {
								"raw": {
									"language": "json"
								}
							}
						},
						"url": {
							"raw": "{{baseUrl}}:{{port}}/v1/user/login",
							"host": [
								"{{baseUrl}}"
							],
							"port": "{{port}}",
							"path": [
								"v1",
								"user",
								"login"
							]
						}
					},
					"response": []
				},
				{
					"name": "/vote/movie",
					"request": {
						"method": "PUT",
						"header": [
							{
								"key": "X-workable-user-id",
								"value": "{{X-workable-user-id}}",
								"type": "text"
							}
						],
						"body": {
							"mode": "raw",
							"raw": "{\"title\":\"Conan\",\"description\":\"year 1981\"}\r\n",
							"options": {
								"raw": {
									"language": "json"
								}
							}
						},
						"url": {
							"raw": "{{baseUrl}}:{{port}}/v1/movie/like/628799ceb0788d2fd3fd2c3b/false/",
							"host": [
								"{{baseUrl}}"
							],
							"port": "{{port}}",
							"path": [
								"v1",
								"movie",
								"like",
								"628799ceb0788d2fd3fd2c3b",
								"false",
								""
							]
						}
					},
					"response": []
				},
				{
					"name": "/delete/vote",
					"request": {
						"method": "DELETE",
						"header": [
							{
								"key": "X-workable-user-id",
								"value": "{{X-workable-user-id}}",
								"type": "text"
							}
						],
						"body": {
							"mode": "raw",
							"raw": "{\"title\":\"Conan\",\"description\":\"year 1981\"}\r\n",
							"options": {
								"raw": {
									"language": "json"
								}
							}
						},
						"url": {
							"raw": "{{baseUrl}}:{{port}}/v1/movie/vote/delete/62879c86b8320d677a5ffd71/",
							"host": [
								"{{baseUrl}}"
							],
							"port": "{{port}}",
							"path": [
								"v1",
								"movie",
								"vote",
								"delete",
								"62879c86b8320d677a5ffd71",
								""
							]
						}
					},
					"response": []
				}
			]
		},
		{
			"name": "Movie",
			"item": [
				{
					"name": "/add/movie",
					"request": {
						"method": "POST",
						"header": [
							{
								"key": "X-workable-user-id",
								"value": "{{X-workable-user-id}}",
								"type": "text"
							}
						],
						"body": {
							"mode": "raw",
							"raw": "{\"title\":\"Conan\",\"description\":\"year 1981\"}\r\n",
							"options": {
								"raw": {
									"language": "json"
								}
							}
						},
						"url": {
							"raw": "{{baseUrl}}:{{port}}/v1/movie",
							"host": [
								"{{baseUrl}}"
							],
							"port": "{{port}}",
							"path": [
								"v1",
								"movie"
							]
						}
					},
					"response": []
				},
				{
					"name": "/movies",
					"protocolProfileBehavior": {
						"disableBodyPruning": true
					},
					"request": {
						"method": "GET",
						"header": [
							{
								"key": "X-workable-user-id",
								"value": "{{X-workable-user-id}}",
								"type": "text"
							}
						],
						"body": {
							"mode": "raw",
							"raw": "",
							"options": {
								"raw": {
									"language": "json"
								}
							}
						},
						"url": {
							"raw": "{{baseUrl}}:{{port}}/v1/movies",
							"host": [
								"{{baseUrl}}"
							],
							"port": "{{port}}",
							"path": [
								"v1",
								"movies"
							]
						}
					},
					"response": []
				},
				{
					"name": "/user/movies",
					"protocolProfileBehavior": {
						"disableBodyPruning": true
					},
					"request": {
						"method": "GET",
						"header": [
							{
								"key": "",
								"value": "",
								"type": "text",
								"disabled": true
							}
						],
						"body": {
							"mode": "raw",
							"raw": "",
							"options": {
								"raw": {
									"language": "json"
								}
							}
						},
						"url": {
							"raw": "{{baseUrl}}:{{port}}/v1/movies/{{X-workable-user-id}}/",
							"host": [
								"{{baseUrl}}"
							],
							"port": "{{port}}",
							"path": [
								"v1",
								"movies",
								"{{X-workable-user-id}}",
								""
							]
						}
					},
					"response": []
				}
			]
		}
	]
}